<?xml version="1.0" encoding="UTF-8" standalone="yes"?>
<?xml-stylesheet type="text/xsl" href="LogStyleSheet.xsl"?>
<verifylog operation="Build" name="4DPop Resources Buddy" structure="oleeku:Users:oleeku:Documents:Idayam:sgbd 4D:composants 4D OG:Pop v17 OG:4D Pop Resources Buddy:4DPop Resources Buddy.4dbase:4DPop Resources Buddy.4DB" data="" os="macOS Version 10.14.6 (assemblage 18G1012)">
<start_timer time="2020-01-19T19:03:26+01:00"/>
<stop_timer time="2020-01-19T19:03:27+01:00" success="true" user_canceled="false"/>
<step title="Building component">
<step title="Début de compilation [2020-01-19T19:03:26]"></step>
<step title="Début de copie des fichiers : oleeku:Users:oleeku:Documents:Idayam:sgbd 4D:composants 4D OG:Pop v17 OG:4D Pop Resources Buddy:4DPop Resources Buddy_Build:Components:4DPop Resources Buddy.4dbase:4DPop Resources Buddy.4DC"></step>
<step title="Fin de copie des fichiers : oleeku:Users:oleeku:Documents:Idayam:sgbd 4D:composants 4D OG:Pop v17 OG:4D Pop Resources Buddy:4DPop Resources Buddy_Build:Components:4DPop Resources Buddy.4dbase:4DPop Resources Buddy.4DC"></step>
<step title="Fin de compilation [2020-01-19T19:03:27]"></step>
</step>
</verifylog>