﻿<?xml version="1.0" encoding="UTF-8" standalone="no" ?><Preferences4D>  <BuildApp>    <BuildCompiled>False</BuildCompiled>    <IncludeAssociatedFolders>True</IncludeAssociatedFolders>    <BuildComponent>True</BuildComponent>    <BuildApplicationSerialized>False</BuildApplicationSerialized>    <BuildApplicationLight>False</BuildApplicationLight>    <SourcesFiles>      <RuntimeVL>        <RuntimeVLIncludeIt>True</RuntimeVLIncludeIt>      </RuntimeVL>      <CS>        <ServerIncludeIt>False</ServerIncludeIt>        <ClientMacIncludeIt>False</ClientMacIncludeIt>        <ClientWinIncludeIt>False</ClientWinIncludeIt>      </CS>    </SourcesFiles>    <CS>      <BuildServerApplication>False</BuildServerApplication>      <BuildCSUpgradeable>False</BuildCSUpgradeable>      <CurrentVers>1</CurrentVers>      <HardLink></HardLink>    </CS>    <BuildApplicationName>4DPop Resources Buddy</BuildApplicationName>    <BuildMacDestFolder>::4DPop Resources Buddy_Build:</BuildMacDestFolder>    <ArrayExcludedPluginName>      <ItemsCount>1</ItemsCount>      <Item1>4D Internet Commands</Item1></ArrayExcludedPluginName>    <ArrayExcludedPluginID>      <ItemsCount>1</ItemsCount>      <Item1>15010</Item1></ArrayExcludedPluginID>    <ArrayExcludedComponentName>      <ItemsCount>5</ItemsCount>      <Item1>4D SVG</Item1>      <Item2>4D Progress</Item2>      <Item3>4D ViewPro</Item3>      <Item4>4D WritePro Interface</Item4>      <Item5>4D Widgets</Item5>    </ArrayExcludedComponentName>    <Licenses>      <ArrayLicenseMac>        <ItemsCount>1</ItemsCount>        <Item1>oleeku:Users:oleeku:Library:Application Support:4D:Licenses:R-PNUD170UUC001CNZC608A85.license4D</Item1>      </ArrayLicenseMac>    </Licenses>    <SignApplication>      <MacSignature>False</MacSignature>      <MacCertificate></MacCertificate>    </SignApplication>  </BuildApp></Preferences4D>