﻿<?xml version="1.0" encoding="UTF-8" standalone="no" ?><BuildApplicationLog>  <Log>    <MessageType>Comment</MessageType>    <Target>Component</Target>    <CodeDesc>NO_ERR</CodeDesc>    <CodeId>0</CodeId>    <Message>Début de compilation [2020-01-19T13:32:57]</Message>  </Log>  <Log>    <MessageType>Comment</MessageType>    <Target>Common</Target>    <CodeDesc>NO_ERR</CodeDesc>    <CodeId>0</CodeId>    <Message>Début de copie des fichiers : oleeku:Users:oleeku:Documents:Idayam:sgbd 4D:composants 4D OG:Pop v17 OG:4DPop Resources Buddy_Build:Components:4DPop Resources Buddy.4dbase:4DPop Resources Buddy.4DC</Message>  </Log>  <Log>    <MessageType>Comment</MessageType>    <Target>Common</Target>    <CodeDesc>NO_ERR</CodeDesc>    <CodeId>0</CodeId>    <Message>Fin de copie des fichiers : oleeku:Users:oleeku:Documents:Idayam:sgbd 4D:composants 4D OG:Pop v17 OG:4DPop Resources Buddy_Build:Components:4DPop Resources Buddy.4dbase:4DPop Resources Buddy.4DC</Message>  </Log>  <Log>    <MessageType>Comment</MessageType>    <Target>Component</Target>    <CodeDesc>NO_ERR</CodeDesc>    <CodeId>0</CodeId>    <Message>Fin de compilation [2020-01-19T13:32:59]</Message>  </Log></BuildApplicationLog>